COUNTRY,YEAR,FATALITIES,region_group
Afghanistan,2017,36360,Global South
Afghanistan,2018,42991,Global South
Afghanistan,2019,41419,Global South
Afghanistan,2020,31037,Global South
Afghanistan,2021,42425,Global South
Afghanistan,2022,4152,Global South
Afghanistan,2023,1152,Global South
Afghanistan,2024,1363,Global South
Akrotiri and Dhekelia,2018,0,Global South
Akrotiri and Dhekelia,2019,0,Global South
Akrotiri and Dhekelia,2020,0,Global South
Akrotiri and Dhekelia,2021,0,Global South
Akrotiri and Dhekelia,2022,0,Global South
Akrotiri and Dhekelia,2023,0,Global South
Akrotiri and Dhekelia,2024,0,Global South
Albania,2018,1,Global South
Albania,2019,0,Global South
Albania,2020,0,Global South
Albania,2021,1,Global South
Albania,2022,0,Global South
Albania,2023,1,Global South
Albania,2024,1,Global South
Algeria,2015,154,Global South
Algeria,2016,129,Global South
Algeria,2017,145,Global South
Algeria,2018,66,Global South
Algeria,2019,22,Global South
Algeria,2020,33,Global South
Algeria,2021,25,Global South
Algeria,2022,27,Global South
Algeria,2023,13,Global South
Algeria,2024,35,Global South
American Samoa,2021,0,Western
American Samoa,2022,0,Western
Andorra,2020,0,Western
Andorra,2021,0,Western
Andorra,2022,0,Western
Andorra,2023,0,Western
Andorra,2024,0,Western
Angola,2015,23,Global South
Angola,2016,115,Global South
Angola,2017,67,Global South
Angola,2018,41,Global South
Angola,2019,24,Global South
Angola,2020,74,Global South
Angola,2021,150,Global South
Angola,2022,107,Global South
Angola,2023,66,Global South
Angola,2024,98,Global South
Anguilla,2018,0,Global South
Anguilla,2019,0,Global South
Anguilla,2020,0,Global South
Anguilla,2021,0,Global South
Anguilla,2022,0,Global South
Anguilla,2023,0,Global South
Anguilla,2024,0,Global South
Antarctica,2021,0,Global South
Antarctica,2022,0,Global South
Antarctica,2023,0,Global South
Antarctica,2024,0,Global South
Antigua and Barbuda,2018,0,Western
Antigua and Barbuda,2019,0,Western
Antigua and Barbuda,2020,2,Western
Antigua and Barbuda,2021,0,Western
Antigua and Barbuda,2022,0,Western
Antigua and Barbuda,2023,1,Western
Antigua and Barbuda,2024,3,Western
Argentina,2018,27,Global South
Argentina,2019,24,Global South
Argentina,2020,24,Global South
Argentina,2021,19,Global South
Argentina,2022,16,Global South
Argentina,2023,7,Global South
Argentina,2024,3,Global South
Armenia,2018,6,Global South
Armenia,2019,2,Global South
Armenia,2020,27,Global South
Armenia,2021,24,Global South
Armenia,2022,210,Global South
Armenia,2023,24,Global South
Armenia,2024,4,Global South
Aruba,2018,0,Western
Aruba,2019,0,Western
Aruba,2020,0,Western
Aruba,2021,0,Western
Aruba,2022,0,Western
Aruba,2023,0,Western
Aruba,2024,0,Western
Australia,2021,0,Western
Australia,2022,7,Western
Australia,2023,0,Western
Australia,2024,0,Western
Austria,2020,6,Western
Austria,2021,0,Western
Austria,2022,0,Western
Austria,2023,0,Western
Austria,2024,0,Western
Azerbaijan,2018,47,Global South
Azerbaijan,2019,14,Global South
Azerbaijan,2020,7057,Global South
Azerbaijan,2021,33,Global South
Azerbaijan,2022,68,Global South
Azerbaijan,2023,570,Global South
Azerbaijan,2024,2,Global South
Bahamas,2018,0,Western
Bahamas,2019,0,Western
Bahamas,2020,4,Western
Bahamas,2021,2,Western
Bahamas,2022,0,Western
Bahamas,2023,0,Western
Bahamas,2024,0,Western
Bahrain,2016,4,Global South
Bahrain,2017,17,Global South
Bahrain,2018,0,Global South
Bahrain,2019,1,Global South
Bahrain,2020,0,Global South
Bahrain,2021,0,Global South
Bahrain,2022,0,Global South
Bahrain,2023,0,Global South
Bahrain,2024,0,Global South
Bailiwick of Guernsey,2020,0,Global South
Bailiwick of Guernsey,2021,0,Global South
Bailiwick of Guernsey,2022,0,Global South
Bailiwick of Guernsey,2024,0,Global South
Bailiwick of Jersey,2020,0,Global South
Bailiwick of Jersey,2021,0,Global South
Bangladesh,2015,502,Global South
Bangladesh,2016,421,Global South
Bangladesh,2017,226,Global South
Bangladesh,2018,268,Global South
Bangladesh,2019,391,Global South
Bangladesh,2020,279,Global South
Bangladesh,2021,356,Global South
Bangladesh,2022,308,Global South
Bangladesh,2023,328,Global South
Bangladesh,2024,1907,Global South
Barbados,2018,0,Western
Barbados,2019,0,Western
Barbados,2020,2,Western
Barbados,2021,0,Western
Barbados,2022,0,Western
Barbados,2023,0,Western
Barbados,2024,0,Western
Belarus,2018,0,Global South
Belarus,2019,0,Global South
Belarus,2020,6,Global South
Belarus,2021,5,Global South
Belarus,2022,4,Global South
Belarus,2023,2,Global South
Belarus,2024,2,Global South
Belgium,2020,0,Western
Belgium,2021,2,Western
Belgium,2022,3,Western
Belgium,2023,4,Western
Belgium,2024,0,Western
Belize,2018,91,Global South
Belize,2019,104,Global South
Belize,2020,75,Global South
Belize,2021,67,Global South
Belize,2022,48,Global South
Belize,2023,38,Global South
Belize,2024,23,Global South
Benin,2015,3,Global South
Benin,2016,22,Global South
Benin,2017,15,Global South
Benin,2018,31,Global South
Benin,2019,37,Global South
Benin,2020,64,Global South
Benin,2021,93,Global South
Benin,2022,168,Global South
Benin,2023,218,Global South
Benin,2024,273,Global South
Bermuda,2018,0,Western
Bermuda,2019,0,Western
Bermuda,2020,0,Western
Bermuda,2021,0,Western
Bermuda,2022,0,Western
Bermuda,2023,0,Western
Bermuda,2024,0,Western
Bhutan,2020,0,Global South
Bhutan,2021,0,Global South
Bhutan,2022,0,Global South
Bhutan,2024,0,Global South
Bolivia,2018,26,Global South
Bolivia,2019,36,Global South
Bolivia,2020,1,Global South
Bolivia,2021,8,Global South
Bolivia,2022,11,Global South
Bolivia,2023,15,Global South
Bolivia,2024,19,Global South
Bosnia and Herzegovina,2018,1,Global South
Bosnia and Herzegovina,2019,1,Global South
Bosnia and Herzegovina,2020,0,Global South
Bosnia and Herzegovina,2021,0,Global South
Bosnia and Herzegovina,2022,1,Global South
Bosnia and Herzegovina,2023,0,Global South
Bosnia and Herzegovina,2024,2,Global South
Botswana,2015,0,Global South
Botswana,2016,1,Global South
Botswana,2017,0,Global South
Botswana,2018,2,Global South
Botswana,2019,0,Global South
Botswana,2020,7,Global South
Botswana,2021,1,Global South
Botswana,2022,4,Global South
Botswana,2023,7,Global South
Botswana,2024,2,Global South
Brazil,2018,7373,Global South
Brazil,2019,5761,Global South
Brazil,2020,5690,Global South
Brazil,2021,6359,Global South
Brazil,2022,7748,Global South
Brazil,2023,8410,Global South
Brazil,2024,7515,Global South
British Indian Ocean Territory,2018,0,Global South
British Indian Ocean Territory,2019,0,Global South
British Indian Ocean Territory,2020,0,Global South
British Indian Ocean Territory,2021,0,Global South
British Virgin Islands,2018,0,Western
British Virgin Islands,2019,0,Western
British Virgin Islands,2020,0,Western
British Virgin Islands,2021,0,Western
British Virgin Islands,2022,0,Western
British Virgin Islands,2023,0,Western
British Virgin Islands,2024,0,Western
Brunei,2020,0,Western
Brunei,2021,0,Western
Brunei,2023,0,Western
Bulgaria,2018,0,Western
Bulgaria,2019,0,Western
Bulgaria,2020,0,Western
Bulgaria,2021,0,Western
Bulgaria,2022,0,Western
Bulgaria,2023,0,Western
Bulgaria,2024,0,Western
Burkina Faso,2015,23,Global South
Burkina Faso,2016,81,Global South
Burkina Faso,2017,117,Global South
Burkina Faso,2018,303,Global South
Burkina Faso,2019,2220,Global South
Burkina Faso,2020,2299,Global South
Burkina Faso,2021,2360,Global South
Burkina Faso,2022,4234,Global South
Burkina Faso,2023,8499,Global South
Burkina Faso,2024,7487,Global South
Burundi,2015,1109,Global South
Burundi,2016,452,Global South
Burundi,2017,285,Global South
Burundi,2018,327,Global South
Burundi,2019,305,Global South
Burundi,2020,330,Global South
Burundi,2021,305,Global South
Burundi,2022,261,Global South
Burundi,2023,178,Global South
Burundi,2024,168,Global South
Cambodia,2015,6,Global South
Cambodia,2016,3,Global South
Cambodia,2017,2,Global South
Cambodia,2018,13,Global South
Cambodia,2019,5,Global South
Cambodia,2020,4,Global South
Cambodia,2021,2,Global South
Cambodia,2022,1,Global South
Cambodia,2023,0,Global South
Cambodia,2024,0,Global South
Cameroon,2015,1439,Global South
Cameroon,2016,721,Global South
Cameroon,2017,739,Global South
Cameroon,2018,1664,Global South
Cameroon,2019,1302,Global South
Cameroon,2020,1761,Global South
Cameroon,2021,1566,Global South
Cameroon,2022,1632,Global South
Cameroon,2023,2179,Global South
Cameroon,2024,2456,Global South
Canada,2021,8,Western
Canada,2022,0,Western
Canada,2023,4,Western
Canada,2024,0,Western
Cape Verde,2020,0,Global South
Cape Verde,2021,0,Global South
Cape Verde,2022,0,Global South
Cape Verde,2023,0,Global South
Cape Verde,2024,0,Global South
Caribbean Netherlands,2018,0,Global South
Caribbean Netherlands,2019,0,Global South
Caribbean Netherlands,2020,0,Global South
Caribbean Netherlands,2021,0,Global South
Caribbean Netherlands,2022,0,Global South
Caribbean Netherlands,2023,0,Global South
Caribbean Netherlands,2024,0,Global South
Cayman Islands,2018,0,Western
Cayman Islands,2019,0,Western
Cayman Islands,2020,0,Western
Cayman Islands,2021,0,Western
Cayman Islands,2022,0,Western
Cayman Islands,2024,0,Western
Central African Republic,2015,525,Global South
Central African Republic,2016,739,Global South
Central African Republic,2017,1832,Global South
Central African Republic,2018,1171,Global South
Central African Republic,2019,596,Global South
Central African Republic,2020,449,Global South
Central African Republic,2021,1716,Global South
Central African Republic,2022,967,Global South
Central African Republic,2023,618,Global South
Central African Republic,2024,758,Global South
Chad,2015,429,Global South
Chad,2016,45,Global South
Chad,2017,296,Global South
Chad,2018,259,Global South
Chad,2019,565,Global South
Chad,2020,727,Global South
Chad,2021,831,Global South
Chad,2022,751,Global South
Chad,2023,301,Global South
Chad,2024,561,Global South
Chile,2018,4,Western
Chile,2019,44,Western
Chile,2020,26,Western
Chile,2021,20,Western
Chile,2022,34,Western
Chile,2023,36,Western
Chile,2024,52,Western
China,2018,42,Global South
China,2019,15,Global South
China,2020,9,Global South
China,2021,13,Global South
China,2022,6,Global South
China,2023,9,Global South
China,2024,11,Global South
Christmas Island,2021,0,Global South
Christmas Island,2022,0,Global South
Cocos (Keeling) Islands,2021,0,Global South
Colombia,2018,1501,Global South
Colombia,2019,1429,Global South
Colombia,2020,1767,Global South
Colombia,2021,2115,Global South
Colombia,2022,2304,Global South
Colombia,2023,2019,Global South
Colombia,2024,1758,Global South
Comoros,2020,2,Global South
Comoros,2021,0,Global South
Comoros,2022,2,Global South
Comoros,2023,1,Global South
Comoros,2024,3,Global South
Cook Islands,2021,0,Global South
Cook Islands,2024,0,Global South
Costa Rica,2018,2,Western
Costa Rica,2019,10,Western
Costa Rica,2020,9,Western
Costa Rica,2021,4,Western
Costa Rica,2022,2,Western
Costa Rica,2023,3,Western
Costa Rica,2024,15,Western
Croatia,2018,0,Western
Croatia,2019,3,Western
Croatia,2020,0,Western
Croatia,2021,0,Western
Croatia,2022,0,Western
Croatia,2023,0,Western
Croatia,2024,0,Western
Cuba,2018,0,Global South
Cuba,2019,2,Global South
Cuba,2020,3,Global South
Cuba,2021,1,Global South
Cuba,2022,2,Global South
Cuba,2023,6,Global South
Cuba,2024,3,Global South
Curacao,2018,0,Western
Curacao,2019,0,Western
Curacao,2020,0,Western
Curacao,2021,0,Western
Curacao,2022,0,Western
Curacao,2023,0,Western
Curacao,2024,0,Western
Cyprus,2018,0,Western
Cyprus,2019,1,Western
Cyprus,2020,0,Western
Cyprus,2021,0,Western
Cyprus,2022,1,Western
Cyprus,2023,0,Western
Cyprus,2024,0,Western
Czech Republic,2020,0,Western
Czech Republic,2021,1,Western
Czech Republic,2022,0,Western
Czech Republic,2023,0,Western
Czech Republic,2024,0,Western
Democratic Republic of Congo,2015,1791,Global South
Democratic Republic of Congo,2016,1740,Global South
Democratic Republic of Congo,2017,3211,Global South
Democratic Republic of Congo,2018,3297,Global South
Democratic Republic of Congo,2019,4562,Global South
Democratic Republic of Congo,2020,6758,Global South
Democratic Republic of Congo,2021,7704,Global South
Democratic Republic of Congo,2022,8074,Global South
Democratic Republic of Congo,2023,5505,Global South
Democratic Republic of Congo,2024,5910,Global South
Denmark,2020,1,Western
Denmark,2021,0,Western
Denmark,2022,0,Western
Denmark,2023,0,Western
Denmark,2024,0,Western
Djibouti,2015,27,Global South
Djibouti,2016,0,Global South
Djibouti,2017,0,Global South
Djibouti,2018,0,Global South
Djibouti,2019,4,Global South
Djibouti,2020,0,Global South
Djibouti,2021,5,Global South
Djibouti,2022,7,Global South
Djibouti,2023,17,Global South
Djibouti,2024,1,Global South
Dominica,2018,0,Global South
Dominica,2019,1,Global South
Dominica,2020,0,Global South
Dominica,2021,0,Global South
Dominica,2022,0,Global South
Dominica,2023,0,Global South
Dominica,2024,0,Global South
Dominican Republic,2018,21,Global South
Dominican Republic,2019,18,Global South
Dominican Republic,2020,10,Global South
Dominican Republic,2021,3,Global South
Dominican Republic,2022,25,Global South
Dominican Republic,2023,14,Global South
Dominican Republic,2024,14,Global South
East Timor,2020,0,Global South
East Timor,2021,2,Global South
East Timor,2022,2,Global South
East Timor,2023,0,Global South
East Timor,2024,0,Global South
Ecuador,2018,14,Global South
Ecuador,2019,11,Global South
Ecuador,2020,19,Global South
Ecuador,2021,5,Global South
Ecuador,2022,44,Global South
Ecuador,2023,2808,Global South
Ecuador,2024,2880,Global South
Egypt,2015,2840,Global South
Egypt,2016,1721,Global South
Egypt,2017,1544,Global South
Egypt,2018,1114,Global South
Egypt,2019,1003,Global South
Egypt,2020,626,Global South
Egypt,2021,264,Global South
Egypt,2022,274,Global South
Egypt,2023,28,Global South
Egypt,2024,18,Global South
El Salvador,2018,962,Global South
El Salvador,2019,899,Global South
El Salvador,2020,391,Global South
El Salvador,2021,436,Global South
El Salvador,2022,286,Global South
El Salvador,2023,59,Global South
El Salvador,2024,21,Global South
Equatorial Guinea,2015,0,Global South
Equatorial Guinea,2016,0,Global South
Equatorial Guinea,2017,5,Global South
Equatorial Guinea,2018,4,Global South
Equatorial Guinea,2019,1,Global South
Equatorial Guinea,2020,0,Global South
Equatorial Guinea,2021,1,Global South
Equatorial Guinea,2022,4,Global South
Equatorial Guinea,2023,0,Global South
Equatorial Guinea,2024,0,Global South
Eritrea,2015,3,Global South
Eritrea,2016,37,Global South
Eritrea,2017,1,Global South
Eritrea,2018,1,Global South
Eritrea,2019,0,Global South
Eritrea,2020,1,Global South
Eritrea,2021,0,Global South
Eritrea,2022,0,Global South
Eritrea,2023,1,Global South
Eritrea,2024,0,Global South
Estonia,2020,0,Western
Estonia,2021,1,Western
Estonia,2022,0,Western
Estonia,2023,0,Western
Estonia,2024,0,Western
Ethiopia,2015,811,Global South
Ethiopia,2016,2515,Global South
Ethiopia,2017,1355,Global South
Ethiopia,2018,1579,Global South
Ethiopia,2019,670,Global South
Ethiopia,2020,4364,Global South
Ethiopia,2021,8546,Global South
Ethiopia,2022,6440,Global South
Ethiopia,2023,3750,Global South
Ethiopia,2024,7551,Global South
Falkland Islands,2018,0,Global South
Falkland Islands,2019,0,Global South
Falkland Islands,2020,0,Global South
Falkland Islands,2021,0,Global South
Faroe Islands,2020,0,Western
Faroe Islands,2021,0,Western
Faroe Islands,2023,0,Western
Faroe Islands,2024,0,Western
Fiji,2021,0,Global South
Fiji,2022,0,Global South
Fiji,2023,0,Global South
Fiji,2024,0,Global South
Finland,2020,1,Western
Finland,2021,1,Western
Finland,2022,0,Western
Finland,2023,0,Western
Finland,2024,0,Western
France,2020,9,Western
France,2021,4,Western
France,2022,14,Western
France,2023,5,Western
France,2024,11,Western
French Guiana,2018,0,Western
French Guiana,2019,0,Western
French Guiana,2020,0,Western
French Guiana,2021,0,Western
French Guiana,2022,0,Western
French Guiana,2023,2,Western
French Guiana,2024,1,Western
French Polynesia,2021,0,Western
French Polynesia,2022,0,Western
French Polynesia,2023,0,Western
French Polynesia,2024,0,Western
French Southern and Antarctic Lands,2021,0,Global South
Gabon,2015,0,Global South
Gabon,2016,7,Global South
Gabon,2017,0,Global South
Gabon,2018,0,Global South
Gabon,2019,6,Global South
Gabon,2020,4,Global South
Gabon,2021,4,Global South
Gabon,2022,0,Global South
Gabon,2023,2,Global South
Gabon,2024,1,Global South
Gambia,2015,0,Global South
Gambia,2016,4,Global South
Gambia,2017,6,Global South
Gambia,2018,3,Global South
Gambia,2019,2,Global South
Gambia,2020,3,Global South
Gambia,2021,1,Global South
Gambia,2022,4,Global South
Gambia,2023,2,Global South
Gambia,2024,1,Global South
Georgia,2018,3,Global South
Georgia,2019,3,Global South
Georgia,2020,1,Global South
Georgia,2021,0,Global South
Georgia,2022,0,Global South
Georgia,2023,2,Global South
Georgia,2024,1,Global South
Germany,2020,14,Western
Germany,2021,9,Western
Germany,2022,1,Western
Germany,2023,8,Western
Germany,2024,17,Western
Ghana,2015,32,Global South
Ghana,2016,42,Global South
Ghana,2017,89,Global South
Ghana,2018,23,Global South
Ghana,2019,43,Global South
Ghana,2020,69,Global South
Ghana,2021,51,Global South
Ghana,2022,120,Global South
Ghana,2023,177,Global South
Ghana,2024,148,Global South
Gibraltar,2020,0,Western
Gibraltar,2021,0,Western
Gibraltar,2022,0,Western
Gibraltar,2023,0,Western
Greece,2018,10,Western
Greece,2019,7,Western
Greece,2020,6,Western
Greece,2021,7,Western
Greece,2022,10,Western
Greece,2023,6,Western
Greece,2024,2,Western
Greenland,2020,0,Western
Greenland,2021,0,Western
Greenland,2022,0,Western
Greenland,2023,0,Western
Greenland,2024,0,Western
Grenada,2018,0,Global South
Grenada,2019,0,Global South
Grenada,2020,0,Global South
Grenada,2021,0,Global South
Grenada,2023,0,Global South
Guadeloupe,2018,1,Global South
Guadeloupe,2019,0,Global South
Guadeloupe,2020,1,Global South
Guadeloupe,2021,0,Global South
Guadeloupe,2022,0,Global South
Guadeloupe,2023,0,Global South
Guadeloupe,2024,0,Global South
Guam,2021,0,Western
Guam,2022,0,Western
Guam,2023,0,Western
Guam,2024,0,Western
Guatemala,2018,800,Global South
Guatemala,2019,1115,Global South
Guatemala,2020,573,Global South
Guatemala,2021,673,Global South
Guatemala,2022,745,Global South
Guatemala,2023,849,Global South
Guatemala,2024,285,Global South
Guinea,2015,34,Global South
Guinea,2016,4,Global South
Guinea,2017,47,Global South
Guinea,2018,40,Global South
Guinea,2019,46,Global South
Guinea,2020,146,Global South
Guinea,2021,28,Global South
Guinea,2022,40,Global South
Guinea,2023,72,Global South
Guinea,2024,64,Global South
Guinea-Bissau,2015,1,Global South
Guinea-Bissau,2016,0,Global South
Guinea-Bissau,2017,0,Global South
Guinea-Bissau,2018,0,Global South
Guinea-Bissau,2019,1,Global South
Guinea-Bissau,2020,8,Global South
Guinea-Bissau,2021,0,Global South
Guinea-Bissau,2022,12,Global South
Guinea-Bissau,2023,5,Global South
Guinea-Bissau,2024,9,Global South
Guyana,2018,1,Western
Guyana,2019,2,Western
Guyana,2020,6,Western
Guyana,2021,1,Western
Guyana,2022,0,Western
Guyana,2023,1,Western
Guyana,2024,2,Western
Haiti,2018,295,Global South
Haiti,2019,488,Global South
Haiti,2020,717,Global South
Haiti,2021,820,Global South
Haiti,2022,1637,Global South
Haiti,2023,2519,Global South
Haiti,2024,3564,Global South
Heard Island and McDonald Islands,2021,0,Global South
Honduras,2018,793,Global South
Honduras,2019,1016,Global South
Honduras,2020,727,Global South
Honduras,2021,710,Global South
Honduras,2022,695,Global South
Honduras,2023,655,Global South
Honduras,2024,493,Global South
Hungary,2020,0,Western
Hungary,2021,0,Western
Hungary,2022,0,Western
Hungary,2023,0,Western
Hungary,2024,0,Western
Iceland,2020,3,Western
Iceland,2021,0,Western
Iceland,2022,0,Western
Iceland,2023,0,Western
Iceland,2024,0,Western
India,2016,1653,Global South
India,2017,1397,Global South
India,2018,2119,Global South
India,2019,1505,Global South
India,2020,1323,Global South
India,2021,1018,Global South
India,2022,884,Global South
India,2023,1197,Global South
India,2024,1204,Global South
Indonesia,2015,103,Global South
Indonesia,2016,52,Global South
Indonesia,2017,53,Global South
Indonesia,2018,174,Global South
Indonesia,2019,202,Global South
Indonesia,2020,134,Global South
Indonesia,2021,138,Global South
Indonesia,2022,266,Global South
Indonesia,2023,218,Global South
Indonesia,2024,163,Global South
Iran,2016,264,Global South
Iran,2017,175,Global South
Iran,2018,246,Global South
Iran,2019,466,Global South
Iran,2020,400,Global South
Iran,2021,188,Global South
Iran,2022,717,Global South
Iran,2023,198,Global South
Iran,2024,354,Global South
Iraq,2016,56032,Global South
Iraq,2017,31913,Global South
Iraq,2018,5245,Global South
Iraq,2019,3494,Global South
Iraq,2020,2680,Global South
Iraq,2021,2589,Global South
Iraq,2022,2095,Global South
Iraq,2023,1393,Global South
Iraq,2024,1033,Global South
Ireland,2020,0,Western
Ireland,2021,0,Western
Ireland,2022,0,Western
Ireland,2023,0,Western
Ireland,2024,0,Western
Isle of Man,2020,0,Western
Isle of Man,2021,0,Western
Isle of Man,2022,0,Western
Isle of Man,2024,0,Western
Israel,2016,16,Western
Israel,2017,11,Western
Israel,2018,7,Western
Israel,2019,11,Western
Israel,2020,1,Western
Israel,2021,25,Western
Israel,2022,31,Western
Israel,2023,1772,Western
Israel,2024,99,Western
Italy,2020,0,Western
Italy,2021,1,Western
Italy,2022,1,Western
Italy,2023,0,Western
Italy,2024,0,Western
Ivory Coast,2015,24,Global South
Ivory Coast,2016,89,Global South
Ivory Coast,2017,43,Global South
Ivory Coast,2018,16,Global South
Ivory Coast,2019,46,Global South
Ivory Coast,2020,151,Global South
Ivory Coast,2021,46,Global South
Ivory Coast,2022,48,Global South
Ivory Coast,2023,27,Global South
Ivory Coast,2024,20,Global South
Jamaica,2018,224,Global South
Jamaica,2019,281,Global South
Jamaica,2020,266,Global South
Jamaica,2021,302,Global South
Jamaica,2022,388,Global South
Jamaica,2023,423,Global South
Jamaica,2024,347,Global South
Japan,2018,0,Western
Japan,2019,0,Western
Japan,2020,0,Western
Japan,2021,0,Western
Japan,2022,1,Western
Japan,2023,0,Western
Japan,2024,0,Western
Jordan,2016,65,Global South
Jordan,2017,35,Global South
Jordan,2018,20,Global South
Jordan,2019,25,Global South
Jordan,2020,11,Global South
Jordan,2021,9,Global South
Jordan,2022,14,Global South
Jordan,2023,7,Global South
Jordan,2024,3,Global South
Kazakhstan,2018,3,Global South
Kazakhstan,2019,7,Global South
Kazakhstan,2020,21,Global South
Kazakhstan,2021,3,Global South
Kazakhstan,2022,226,Global South
Kazakhstan,2023,4,Global South
Kazakhstan,2024,6,Global South
Kenya,2015,533,Global South
Kenya,2016,235,Global South
Kenya,2017,762,Global South
Kenya,2018,463,Global South
Kenya,2019,372,Global South
Kenya,2020,358,Global South
Kenya,2021,488,Global South
Kenya,2022,688,Global South
Kenya,2023,1012,Global South
Kenya,2024,782,Global South
Kiribati,2021,0,Global South
Kosovo,2018,4,Global South
Kosovo,2019,0,Global South
Kosovo,2020,0,Global South
Kosovo,2021,0,Global South
Kosovo,2022,0,Global South
Kosovo,2023,5,Global South
Kosovo,2024,0,Global South
Kuwait,2016,0,Global South
Kuwait,2017,0,Global South
Kuwait,2018,0,Global South
Kuwait,2019,0,Global South
Kuwait,2020,1,Global South
Kuwait,2021,0,Global South
Kuwait,2022,0,Global South
Kuwait,2023,0,Global South
Kuwait,2024,0,Global South
Kyrgyzstan,2018,4,Global South
Kyrgyzstan,2019,8,Global South
Kyrgyzstan,2020,2,Global South
Kyrgyzstan,2021,32,Global South
Kyrgyzstan,2022,68,Global South
Kyrgyzstan,2023,2,Global South
Kyrgyzstan,2024,1,Global South
Laos,2015,5,Global South
Laos,2016,9,Global South
Laos,2017,4,Global South
Laos,2018,0,Global South
Laos,2019,1,Global South
Laos,2020,2,Global South
Laos,2021,1,Global South
Laos,2022,0,Global South
Laos,2023,0,Global South
Laos,2024,0,Global South
Latvia,2020,0,Western
Latvia,2021,0,Western
Latvia,2022,0,Western
Latvia,2023,0,Western
Latvia,2024,1,Western
Lebanon,2016,219,Global South
Lebanon,2017,385,Global South
Lebanon,2018,32,Global South
Lebanon,2019,22,Global South
Lebanon,2020,48,Global South
Lebanon,2021,42,Global South
Lebanon,2022,43,Global South
Lebanon,2023,267,Global South
Lebanon,2024,4050,Global South
Lesotho,2015,4,Global South
Lesotho,2016,4,Global South
Lesotho,2017,4,Global South
Lesotho,2018,0,Global South
Lesotho,2019,6,Global South
Lesotho,2020,6,Global South
Lesotho,2021,9,Global South
Lesotho,2022,14,Global South
Lesotho,2023,12,Global South
Lesotho,2024,3,Global South
Liberia,2015,4,Global South
Liberia,2016,8,Global South
Liberia,2017,7,Global South
Liberia,2018,3,Global South
Liberia,2019,11,Global South
Liberia,2020,2,Global South
Liberia,2021,7,Global South
Liberia,2022,11,Global South
Liberia,2023,9,Global South
Liberia,2024,6,Global South
Libya,2015,3081,Global South
Libya,2016,3328,Global South
Libya,2017,1707,Global South
Libya,2018,1226,Global South
Libya,2019,2294,Global South
Libya,2020,1562,Global South
Libya,2021,115,Global South
Libya,2022,159,Global South
Libya,2023,95,Global South
Libya,2024,162,Global South
Liechtenstein,2020,0,Western
Liechtenstein,2021,0,Western
Liechtenstein,2022,0,Western
Liechtenstein,2024,0,Western
Lithuania,2020,0,Western
Lithuania,2021,0,Western
Lithuania,2022,0,Western
Lithuania,2023,0,Western
Lithuania,2024,1,Western
Luxembourg,2020,0,Western
Luxembourg,2021,0,Western
Luxembourg,2022,0,Western
Luxembourg,2023,0,Western
Luxembourg,2024,0,Western
Madagascar,2015,192,Global South
Madagascar,2016,177,Global South
Madagascar,2017,210,Global South
Madagascar,2018,142,Global South
Madagascar,2019,351,Global South
Madagascar,2020,358,Global South
Madagascar,2021,303,Global South
Madagascar,2022,364,Global South
Madagascar,2023,512,Global South
Madagascar,2024,471,Global South
Malawi,2015,12,Global South
Malawi,2016,23,Global South
Malawi,2017,19,Global South
Malawi,2018,16,Global South
Malawi,2019,27,Global South
Malawi,2020,60,Global South
Malawi,2021,44,Global South
Malawi,2022,40,Global South
Malawi,2023,53,Global South
Malawi,2024,50,Global South
Malaysia,2018,14,Global South
Malaysia,2019,15,Global South
Malaysia,2020,2,Global South
Malaysia,2021,13,Global South
Malaysia,2022,4,Global South
Malaysia,2023,0,Global South
Malaysia,2024,3,Global South
Maldives,2020,0,Global South
Maldives,2021,0,Global South
Maldives,2022,0,Global South
Maldives,2023,0,Global South
Maldives,2024,1,Global South
Mali,2015,434,Global South
Mali,2016,320,Global South
Mali,2017,946,Global South
Mali,2018,1739,Global South
Mali,2019,1873,Global South
Mali,2020,2852,Global South
Mali,2021,1909,Global South
Mali,2022,4858,Global South
Mali,2023,4329,Global South
Mali,2024,4023,Global South
Malta,2020,0,Western
Malta,2021,0,Western
Malta,2022,0,Western
Malta,2023,0,Western
Malta,2024,0,Western
Marshall Islands,2021,0,Global South
Marshall Islands,2023,0,Global South
Marshall Islands,2024,0,Global South
Martinique,2018,0,Global South
Martinique,2019,0,Global South
Martinique,2020,0,Global South
Martinique,2021,0,Global South
Martinique,2022,0,Global South
Martinique,2023,0,Global South
Martinique,2024,1,Global South
Mauritania,2015,1,Global South
Mauritania,2016,0,Global South
Mauritania,2017,2,Global South
Mauritania,2018,3,Global South
Mauritania,2019,3,Global South
Mauritania,2020,4,Global South
Mauritania,2021,1,Global South
Mauritania,2022,6,Global South
Mauritania,2023,9,Global South
Mauritania,2024,7,Global South
Mauritius,2020,2,Global South
Mauritius,2021,2,Global South
Mauritius,2022,3,Global South
Mauritius,2023,2,Global South
Mauritius,2024,2,Global South
Mayotte,2020,0,Global South
Mayotte,2021,1,Global South
Mayotte,2022,3,Global South
Mayotte,2023,0,Global South
Mayotte,2024,1,Global South
Mexico,2018,9595,Global South
Mexico,2019,9243,Global South
Mexico,2020,8393,Global South
Mexico,2021,8269,Global South
Mexico,2022,7839,Global South
Mexico,2023,7276,Global South
Mexico,2024,8345,Global South
Micronesia,2021,0,Global South
Moldova,2018,0,Global South
Moldova,2019,0,Global South
Moldova,2020,0,Global South
Moldova,2021,0,Global South
Moldova,2022,0,Global South
Moldova,2023,1,Global South
Moldova,2024,0,Global South
Monaco,2020,0,Western
Monaco,2021,0,Western
Monaco,2022,0,Western
Monaco,2023,0,Western
Monaco,2024,0,Western
Mongolia,2018,1,Global South
Mongolia,2019,0,Global South
Mongolia,2020,0,Global South
Mongolia,2021,0,Global South
Mongolia,2022,0,Global South
Mongolia,2023,0,Global South
Mongolia,2024,0,Global South
Montenegro,2018,2,Global South
Montenegro,2019,0,Global South
Montenegro,2020,0,Global South
Montenegro,2021,0,Global South
Montenegro,2022,0,Global South
Montenegro,2023,1,Global South
Montenegro,2024,0,Global South
Montserrat,2018,0,Global South
Montserrat,2019,0,Global South
Montserrat,2020,0,Global South
Montserrat,2021,0,Global South
Montserrat,2022,0,Global South
Morocco,2015,4,Global South
Morocco,2016,6,Global South
Morocco,2017,4,Global South
Morocco,2018,7,Global South
Morocco,2019,6,Global South
Morocco,2020,4,Global South
Morocco,2021,47,Global South
Morocco,2022,56,Global South
Morocco,2023,38,Global South
Morocco,2024,45,Global South
Mozambique,2015,48,Global South
Mozambique,2016,105,Global South
Mozambique,2017,129,Global South
Mozambique,2018,212,Global South
Mozambique,2019,680,Global South
Mozambique,2020,1773,Global South
Mozambique,2021,1830,Global South
Mozambique,2022,925,Global South
Mozambique,2023,309,Global South
Mozambique,2024,674,Global South
Myanmar,2015,1287,Global South
Myanmar,2016,613,Global South
Myanmar,2017,1407,Global South
Myanmar,2018,261,Global South
Myanmar,2019,1646,Global South
Myanmar,2020,694,Global South
Myanmar,2021,11767,Global South
Myanmar,2022,24051,Global South
Myanmar,2023,21692,Global South
Myanmar,2024,20457,Global South
Namibia,2015,4,Global South
Namibia,2016,0,Global South
Namibia,2017,2,Global South
Namibia,2018,1,Global South
Namibia,2019,2,Global South
Namibia,2020,0,Global South
Namibia,2021,2,Global South
Namibia,2022,3,Global South
Namibia,2023,4,Global South
Namibia,2024,6,Global South
Nauru,2021,0,Western
Nepal,2015,51,Global South
Nepal,2016,8,Global South
Nepal,2017,19,Global South
Nepal,2018,19,Global South
Nepal,2019,48,Global South
Nepal,2020,37,Global South
Nepal,2021,10,Global South
Nepal,2022,15,Global South
Nepal,2023,7,Global South
Nepal,2024,7,Global South
Netherlands,2020,1,Western
Netherlands,2021,1,Western
Netherlands,2022,0,Western
Netherlands,2023,0,Western
Netherlands,2024,1,Western
New Caledonia,2021,0,Western
New Caledonia,2022,0,Western
New Caledonia,2023,0,Western
New Caledonia,2024,19,Western
New Zealand,2021,1,Western
New Zealand,2022,0,Western
New Zealand,2023,0,Western
New Zealand,2024,0,Western
Nicaragua,2018,356,Global South
Nicaragua,2019,29,Global South
Nicaragua,2020,28,Global South
Nicaragua,2021,35,Global South
Nicaragua,2022,7,Global South
Nicaragua,2023,13,Global South
Nicaragua,2024,16,Global South
Niger,2015,984,Global South
Niger,2016,367,Global South
Niger,2017,240,Global South
Niger,2018,506,Global South
Niger,2019,729,Global South
Niger,2020,1126,Global South
Niger,2021,1498,Global South
Niger,2022,1017,Global South
Niger,2023,1156,Global South
Niger,2024,1863,Global South
Nigeria,2015,11109,Global South
Nigeria,2016,4894,Global South
Nigeria,2017,4941,Global South
Nigeria,2018,6159,Global South
Nigeria,2019,5943,Global South
Nigeria,2020,8483,Global South
Nigeria,2021,10965,Global South
Nigeria,2022,10942,Global South
Nigeria,2023,8707,Global South
Nigeria,2024,9917,Global South
Niue,2021,0,Global South
Norfolk Island,2021,0,Global South
North Korea,2018,0,Global South
North Korea,2019,12,Global South
North Korea,2020,11,Global South
North Korea,2021,13,Global South
North Korea,2022,34,Global South
North Korea,2023,12,Global South
North Korea,2024,30,Global South
North Macedonia,2018,1,Global South
North Macedonia,2019,0,Global South
North Macedonia,2020,0,Global South
North Macedonia,2021,0,Global South
North Macedonia,2022,0,Global South
North Macedonia,2023,0,Global South
North Macedonia,2024,0,Global South
Northern Mariana Islands,2021,0,Western
Northern Mariana Islands,2023,0,Western
Northern Mariana Islands,2024,0,Western
Norway,2020,1,Western
Norway,2021,0,Western
Norway,2022,2,Western
Norway,2023,0,Western
Norway,2024,0,Western
Oman,2016,0,Global South
Oman,2017,0,Global South
Oman,2018,0,Global South
Oman,2019,0,Global South
Oman,2020,0,Global South
Oman,2021,2,Global South
Oman,2023,0,Global South
Oman,2024,10,Global South
Pakistan,2015,4493,Global South
Pakistan,2016,2211,Global South
Pakistan,2017,1719,Global South
Pakistan,2018,1223,Global South
Pakistan,2019,1148,Global South
Pakistan,2020,934,Global South
Pakistan,2021,1405,Global South
Pakistan,2022,1845,Global South
Pakistan,2023,2375,Global South
Pakistan,2024,3087,Global South
Palau,2021,0,Western
Palestine,2016,164,Global South
Palestine,2017,116,Global South
Palestine,2018,403,Global South
Palestine,2019,182,Global South
Palestine,2020,52,Global South
Palestine,2021,393,Global South
Palestine,2022,225,Global South
Palestine,2023,22909,Global South
Palestine,2024,30409,Global South
Panama,2018,2,Western
Panama,2019,2,Western
Panama,2020,4,Western
Panama,2021,5,Western
Panama,2022,2,Western
Panama,2023,7,Western
Panama,2024,4,Western
Papua New Guinea,2021,241,Global South
Papua New Guinea,2022,254,Global South
Papua New Guinea,2023,349,Global South
Papua New Guinea,2024,325,Global South
Paraguay,2018,6,Global South
Paraguay,2019,25,Global South
Paraguay,2020,18,Global South
Paraguay,2021,43,Global South
Paraguay,2022,35,Global South
Paraguay,2023,11,Global South
Paraguay,2024,6,Global South
Peru,2018,19,Global South
Peru,2019,32,Global South
Peru,2020,45,Global South
Peru,2021,25,Global South
Peru,2022,48,Global South
Peru,2023,82,Global South
Peru,2024,45,Global South
Philippines,2016,4532,Global South
Philippines,2017,4358,Global South
Philippines,2018,2118,Global South
Philippines,2019,1730,Global South
Philippines,2020,1502,Global South
Philippines,2021,1182,Global South
Philippines,2022,927,Global South
Philippines,2023,858,Global South
Philippines,2024,651,Global South
Pitcairn,2021,0,Global South
Poland,2020,0,Western
Poland,2021,1,Western
Poland,2022,0,Western
Poland,2023,1,Western
Poland,2024,1,Western
Portugal,2020,2,Western
Portugal,2021,0,Western
Portugal,2022,0,Western
Portugal,2023,0,Western
Portugal,2024,1,Western
Puerto Rico,2018,125,Western
Puerto Rico,2019,150,Western
Puerto Rico,2020,118,Western
Puerto Rico,2021,180,Western
Puerto Rico,2022,212,Western
Puerto Rico,2023,198,Western
Puerto Rico,2024,206,Western
Qatar,2016,0,Global South
Qatar,2017,0,Global South
Qatar,2018,0,Global South
Qatar,2019,0,Global South
Qatar,2020,0,Global South
Qatar,2021,0,Global South
Qatar,2022,0,Global South
Qatar,2023,0,Global South
Republic of Congo,2015,4,Global South
Republic of Congo,2016,78,Global South
Republic of Congo,2017,21,Global South
Republic of Congo,2018,28,Global South
Republic of Congo,2019,2,Global South
Republic of Congo,2020,1,Global South
Republic of Congo,2021,10,Global South
Republic of Congo,2022,19,Global South
Republic of Congo,2023,6,Global South
Republic of Congo,2024,1,Global South
Reunion,2020,0,Global South
Reunion,2021,0,Global South
Reunion,2022,0,Global South
Reunion,2023,0,Global South
Reunion,2024,0,Global South
Romania,2018,0,Western
Romania,2019,1,Western
Romania,2020,3,Western
Romania,2021,0,Western
Romania,2022,0,Western
Romania,2023,1,Western
Romania,2024,0,Western
Russia,2018,121,Western
Russia,2019,46,Western
Russia,2020,56,Western
Russia,2021,26,Western
Russia,2022,97,Western
Russia,2023,227,Western
Russia,2024,4805,Western
Rwanda,2015,4,Global South
Rwanda,2016,8,Global South
Rwanda,2017,4,Global South
Rwanda,2018,49,Global South
Rwanda,2019,85,Global South
Rwanda,2020,63,Global South
Rwanda,2021,31,Global South
Rwanda,2022,16,Global South
Rwanda,2023,8,Global South
Rwanda,2024,11,Global South
"Saint Helena, Ascension and Tristan da Cunha",2020,0,Global South
"Saint Helena, Ascension and Tristan da Cunha",2021,0,Global South
Saint Kitts and Nevis,2018,1,Western
Saint Kitts and Nevis,2019,0,Western
Saint Kitts and Nevis,2020,0,Western
Saint Kitts and Nevis,2021,0,Western
Saint Lucia,2018,0,Global South
Saint Lucia,2019,0,Global South
Saint Lucia,2020,0,Global South
Saint Lucia,2021,0,Global South
Saint Lucia,2022,0,Global South
Saint Lucia,2023,0,Global South
Saint Lucia,2024,1,Global South
Saint Pierre and Miquelon,2021,0,Global South
Saint Pierre and Miquelon,2022,0,Global South
Saint Pierre and Miquelon,2023,0,Global South
Saint Pierre and Miquelon,2024,0,Global South
Saint Vincent and the Grenadines,2018,0,Global South
Saint Vincent and the Grenadines,2019,0,Global South
Saint Vincent and the Grenadines,2020,2,Global South
Saint Vincent and the Grenadines,2021,0,Global South
Saint Vincent and the Grenadines,2022,0,Global South
Saint Vincent and the Grenadines,2023,0,Global South
Saint Vincent and the Grenadines,2024,0,Global South
Saint-Barthelemy,2018,0,Global South
Saint-Barthelemy,2019,0,Global South
Saint-Barthelemy,2020,0,Global South
Saint-Barthelemy,2021,0,Global South
Saint-Barthelemy,2022,0,Global South
Saint-Martin,2018,0,Global South
Saint-Martin,2019,0,Global South
Saint-Martin,2020,0,Global South
Saint-Martin,2021,0,Global South
Saint-Martin,2022,0,Global South
Saint-Martin,2023,0,Global South
Saint-Martin,2024,0,Global South
Samoa,2021,0,Global South
Samoa,2023,0,Global South
Samoa,2024,0,Global South
San Marino,2020,0,Western
San Marino,2021,0,Western
San Marino,2022,0,Western
San Marino,2023,0,Western
San Marino,2024,0,Western
Sao Tome and Principe,2020,0,Global South
Sao Tome and Principe,2021,1,Global South
Sao Tome and Principe,2022,5,Global South
Sao Tome and Principe,2023,0,Global South
Sao Tome and Principe,2024,0,Global South
Saudi Arabia,2015,878,Global South
Saudi Arabia,2016,1215,Global South
Saudi Arabia,2017,1430,Global South
Saudi Arabia,2018,1514,Global South
Saudi Arabia,2019,1006,Global South
Saudi Arabia,2020,54,Global South
Saudi Arabia,2021,20,Global South
Saudi Arabia,2022,6,Global South
Saudi Arabia,2023,193,Global South
Saudi Arabia,2024,5,Global South
Senegal,2015,1,Global South
Senegal,2016,18,Global South
Senegal,2017,1,Global South
Senegal,2018,29,Global South
Senegal,2019,4,Global South
Senegal,2020,3,Global South
Senegal,2021,24,Global South
Senegal,2022,22,Global South
Senegal,2023,48,Global South
Senegal,2024,19,Global South
Serbia,2018,5,Global South
Serbia,2019,1,Global South
Serbia,2020,0,Global South
Serbia,2021,1,Global South
Serbia,2022,0,Global South
Serbia,2023,0,Global South
Serbia,2024,3,Global South
Seychelles,2020,0,Western
Seychelles,2021,0,Western
Seychelles,2022,0,Western
Seychelles,2023,0,Western
Seychelles,2024,2,Western
Sierra Leone,2015,2,Global South
Sierra Leone,2016,7,Global South
Sierra Leone,2017,5,Global South
Sierra Leone,2018,10,Global South
Sierra Leone,2019,13,Global South
Sierra Leone,2020,31,Global South
Sierra Leone,2021,2,Global South
Sierra Leone,2022,24,Global South
Sierra Leone,2023,32,Global South
Sierra Leone,2024,4,Global South
Singapore,2020,0,Western
Singapore,2021,0,Western
Singapore,2022,0,Western
Singapore,2023,0,Western
Singapore,2024,0,Western
Sint Maarten,2018,0,Global South
Sint Maarten,2019,0,Global South
Sint Maarten,2020,0,Global South
Sint Maarten,2021,0,Global South
Sint Maarten,2022,0,Global South
Sint Maarten,2023,0,Global South
Sint Maarten,2024,1,Global South
Slovakia,2020,0,Western
Slovakia,2021,0,Western
Slovakia,2022,2,Western
Slovakia,2023,0,Western
Slovakia,2024,1,Western
Slovenia,2020,0,Western
Slovenia,2021,0,Western
Slovenia,2022,0,Western
Slovenia,2023,0,Western
Slovenia,2024,1,Western
Solomon Islands,2021,5,Global South
Solomon Islands,2022,1,Global South
Solomon Islands,2023,1,Global South
Somalia,2015,4136,Global South
Somalia,2016,5938,Global South
Somalia,2017,6076,Global South
Somalia,2018,5752,Global South
Somalia,2019,5029,Global South
Somalia,2020,3479,Global South
Somalia,2021,3398,Global South
Somalia,2022,6652,Global South
Somalia,2023,9154,Global South
Somalia,2024,5557,Global South
South Africa,2015,211,Global South
South Africa,2016,139,Global South
South Africa,2017,117,Global South
South Africa,2018,114,Global South
South Africa,2019,199,Global South
South Africa,2020,183,Global South
South Africa,2021,329,Global South
South Africa,2022,296,Global South
South Africa,2023,315,Global South
South Africa,2024,284,Global South
South Georgia and the South Sandwich Islands,2018,0,Global South
South Georgia and the South Sandwich Islands,2019,0,Global South
South Georgia and the South Sandwich Islands,2020,0,Global South
South Georgia and the South Sandwich Islands,2021,0,Global South
South Korea,2018,0,Western
South Korea,2019,0,Western
South Korea,2020,0,Western
South Korea,2021,0,Western
South Korea,2022,0,Western
South Korea,2023,0,Western
South Korea,2024,0,Western
South Sudan,2015,3567,Global South
South Sudan,2016,3686,Global South
South Sudan,2017,4859,Global South
South Sudan,2018,1716,Global South
South Sudan,2019,1801,Global South
South Sudan,2020,2455,Global South
South Sudan,2021,3725,Global South
South Sudan,2022,3719,Global South
South Sudan,2023,3049,Global South
South Sudan,2024,2317,Global South
Spain,2020,0,Western
Spain,2021,4,Western
Spain,2022,0,Western
Spain,2023,0,Western
Spain,2024,1,Western
Sri Lanka,2015,9,Global South
Sri Lanka,2016,4,Global South
Sri Lanka,2017,2,Global South
Sri Lanka,2018,26,Global South
Sri Lanka,2019,304,Global South
Sri Lanka,2020,34,Global South
Sri Lanka,2021,5,Global South
Sri Lanka,2022,12,Global South
Sri Lanka,2023,7,Global South
Sri Lanka,2024,5,Global South
Sudan,2015,3496,Global South
Sudan,2016,3904,Global South
Sudan,2017,1304,Global South
Sudan,2018,1054,Global South
Sudan,2019,773,Global South
Sudan,2020,959,Global South
Sudan,2021,1657,Global South
Sudan,2022,2139,Global South
Sudan,2023,16993,Global South
Sudan,2024,18286,Global South
Suriname,2018,1,Global South
Suriname,2019,7,Global South
Suriname,2020,1,Global South
Suriname,2021,1,Global South
Suriname,2022,0,Global South
Suriname,2023,2,Global South
Suriname,2024,0,Global South
Sweden,2020,1,Western
Sweden,2021,0,Western
Sweden,2022,0,Western
Sweden,2023,0,Western
Sweden,2024,0,Western
Switzerland,2020,0,Western
Switzerland,2021,0,Western
Switzerland,2022,2,Western
Switzerland,2023,0,Western
Switzerland,2024,0,Western
Syria,2017,54122,Global South
Syria,2018,30210,Global South
Syria,2019,15592,Global South
Syria,2020,8447,Global South
Syria,2021,6108,Global South
Syria,2022,6091,Global South
Syria,2023,6297,Global South
Syria,2024,7113,Global South
Taiwan,2018,0,Western
Taiwan,2019,0,Western
Taiwan,2020,0,Western
Taiwan,2021,0,Western
Taiwan,2022,0,Western
Taiwan,2023,0,Western
Taiwan,2024,0,Western
Tajikistan,2018,64,Global South
Tajikistan,2019,66,Global South
Tajikistan,2020,2,Global South
Tajikistan,2021,20,Global South
Tajikistan,2022,71,Global South
Tajikistan,2023,6,Global South
Tajikistan,2024,0,Global South
Tanzania,2015,35,Global South
Tanzania,2016,46,Global South
Tanzania,2017,280,Global South
Tanzania,2018,41,Global South
Tanzania,2019,43,Global South
Tanzania,2020,51,Global South
Tanzania,2021,44,Global South
Tanzania,2022,39,Global South
Tanzania,2023,23,Global South
Tanzania,2024,40,Global South
Thailand,2015,246,Global South
Thailand,2016,253,Global South
Thailand,2017,162,Global South
Thailand,2018,117,Global South
Thailand,2019,174,Global South
Thailand,2020,101,Global South
Thailand,2021,66,Global South
Thailand,2022,43,Global South
Thailand,2023,57,Global South
Thailand,2024,50,Global South
Togo,2015,8,Global South
Togo,2016,5,Global South
Togo,2017,44,Global South
Togo,2018,6,Global South
Togo,2019,9,Global South
Togo,2020,14,Global South
Togo,2021,4,Global South
Togo,2022,78,Global South
Togo,2023,98,Global South
Togo,2024,153,Global South
Tokelau,2021,0,Global South
Tonga,2021,0,Global South
Tonga,2024,0,Global South
Trinidad and Tobago,2018,243,Western
Trinidad and Tobago,2019,181,Western
Trinidad and Tobago,2020,162,Western
Trinidad and Tobago,2021,186,Western
Trinidad and Tobago,2022,285,Western
Trinidad and Tobago,2023,333,Western
Trinidad and Tobago,2024,329,Western
Tunisia,2015,161,Global South
Tunisia,2016,120,Global South
Tunisia,2017,27,Global South
Tunisia,2018,34,Global South
Tunisia,2019,30,Global South
Tunisia,2020,15,Global South
Tunisia,2021,19,Global South
Tunisia,2022,1,Global South
Tunisia,2023,9,Global South
Tunisia,2024,3,Global South
Turkey,2016,4484,Global South
Turkey,2017,2658,Global South
Turkey,2018,983,Global South
Turkey,2019,559,Global South
Turkey,2020,359,Global South
Turkey,2021,213,Global South
Turkey,2022,199,Global South
Turkey,2023,144,Global South
Turkey,2024,55,Global South
Turkmenistan,2018,25,Global South
Turkmenistan,2019,8,Global South
Turkmenistan,2020,1,Global South
Turkmenistan,2021,0,Global South
Turkmenistan,2022,0,Global South
Turkmenistan,2023,1,Global South
Turkmenistan,2024,0,Global South
Turks and Caicos Islands,2018,0,Western
Turks and Caicos Islands,2019,0,Western
Turks and Caicos Islands,2020,0,Western
Turks and Caicos Islands,2021,0,Western
Tuvalu,2021,0,Global South
Uganda,2015,29,Global South
Uganda,2016,278,Global South
Uganda,2017,66,Global South
Uganda,2018,146,Global South
Uganda,2019,162,Global South
Uganda,2020,297,Global South
Uganda,2021,500,Global South
Uganda,2022,363,Global South
Uganda,2023,367,Global South
Uganda,2024,243,Global South
Ukraine,2018,884,Western
Ukraine,2019,398,Western
Ukraine,2020,121,Western
Ukraine,2021,149,Western
Ukraine,2022,40550,Western
Ukraine,2023,39779,Western
Ukraine,2024,73573,Western
United Arab Emirates,2017,0,Global South
United Arab Emirates,2018,0,Global South
United Arab Emirates,2019,0,Global South
United Arab Emirates,2020,2,Global South
United Arab Emirates,2021,0,Global South
United Arab Emirates,2022,3,Global South
United Arab Emirates,2023,0,Global South
United Arab Emirates,2024,1,Global South
United Kingdom,2020,5,Western
United Kingdom,2021,5,Western
United Kingdom,2022,0,Western
United Kingdom,2023,1,Western
United Kingdom,2024,0,Western
United States,2020,74,Western
United States,2021,87,Western
United States,2022,98,Western
United States,2023,66,Western
United States,2024,33,Western
United States Minor Outlying Islands,2021,0,Global South
Uruguay,2018,0,Western
Uruguay,2019,3,Western
Uruguay,2020,2,Western
Uruguay,2021,0,Western
Uruguay,2022,1,Western
Uruguay,2023,1,Western
Uruguay,2024,0,Western
Uzbekistan,2018,2,Global South
Uzbekistan,2019,3,Global South
Uzbekistan,2020,4,Global South
Uzbekistan,2021,4,Global South
Uzbekistan,2022,29,Global South
Uzbekistan,2023,3,Global South
Uzbekistan,2024,2,Global South
Vanuatu,2021,0,Global South
Vanuatu,2022,1,Global South
Vanuatu,2023,0,Global South
Vanuatu,2024,0,Global South
Vatican City,2020,0,Global South
Vatican City,2021,0,Global South
Vatican City,2022,0,Global South
Vatican City,2023,0,Global South
Vatican City,2024,0,Global South
Venezuela,2018,3220,Global South
Venezuela,2019,3378,Global South
Venezuela,2020,2702,Global South
Venezuela,2021,1787,Global South
Venezuela,2022,1074,Global South
Venezuela,2023,783,Global South
Venezuela,2024,557,Global South
Vietnam,2015,3,Global South
Vietnam,2016,2,Global South
Vietnam,2017,3,Global South
Vietnam,2018,3,Global South
Vietnam,2019,1,Global South
Vietnam,2020,4,Global South
Vietnam,2021,0,Global South
Vietnam,2022,0,Global South
Vietnam,2023,11,Global South
Vietnam,2024,1,Global South
"Virgin Islands, U.S.",2018,0,Global South
"Virgin Islands, U.S.",2019,0,Global South
"Virgin Islands, U.S.",2020,0,Global South
"Virgin Islands, U.S.",2021,0,Global South
Wallis and Futuna,2021,0,Global South
Wallis and Futuna,2022,0,Global South
Wallis and Futuna,2023,0,Global South
Wallis and Futuna,2024,0,Global South
Yemen,2015,17466,Global South
Yemen,2016,15648,Global South
Yemen,2017,17634,Global South
Yemen,2018,34247,Global South
Yemen,2019,27858,Global South
Yemen,2020,19723,Global South
Yemen,2021,18368,Global South
Yemen,2022,6596,Global South
Yemen,2023,2664,Global South
Yemen,2024,3007,Global South
Zambia,2015,8,Global South
Zambia,2016,6,Global South
Zambia,2017,2,Global South
Zambia,2018,17,Global South
Zambia,2019,11,Global South
Zambia,2020,40,Global South
Zambia,2021,16,Global South
Zambia,2022,12,Global South
Zambia,2023,15,Global South
Zambia,2024,10,Global South
Zimbabwe,2015,19,Global South
Zimbabwe,2016,7,Global South
Zimbabwe,2017,9,Global South
Zimbabwe,2018,27,Global South
Zimbabwe,2019,42,Global South
Zimbabwe,2020,22,Global South
Zimbabwe,2021,23,Global South
Zimbabwe,2022,33,Global South
Zimbabwe,2023,40,Global South
Zimbabwe,2024,21,Global South
eSwatini,2015,3,Global South
eSwatini,2016,0,Global South
eSwatini,2017,0,Global South
eSwatini,2018,0,Global South
eSwatini,2019,3,Global South
eSwatini,2020,6,Global South
eSwatini,2021,46,Global South
eSwatini,2022,33,Global South
eSwatini,2023,32,Global South
eSwatini,2024,10,Global South
